1. Let's start by figuring out how many dinosaurs we have. Count the number of dinosaurs.

  SELECT COUNT(*) FROM dinos

    count 
    -------
      331
    (1 row)

2. We want to open up our own version of Jurassic Park, but this time only with dinosaurs who are actually from the Jurassic period. Find all the dinosaurs from the Jurassic period.

  SELECT name FROM dinos WHERE period ='Jurassic'

    Yuanmousaurus
    Yinlong
    Yingshanosaurus
    Yimenosaurus
    Yangchuanosaurus
    Yandusaurus
    Vulcanodon
    Tuojiangosaurus
    Torvosaurus
    Yunnanosaurus
    Sinraptor
    Stegosaurus
    Seismosaurus
    Segisaurus
    Scutellosaurus
    Scelidosaurus
    Saurophaganax
    Sarcosaurus
    Shunosaurus
    Rhoetosaurus
    Poekilopleuron

3. Jurassic Park was a huge success for us. Now we want to open up a sequel park: Cretaceous Park. This time though, we're a little more organized, and we want to know how much space all these dinosaurs are going to take up. Find the total sum length of all the dinosaurs from the Cretaceous period.

  SELECT SUM(length) FROM dinos WHERE period='Cretaceous';
      sum   
    ---------
    1366.45
    (1 row)

4. Great news! Our board of investors recently secured us a large island where we can put all the dinosaurs from both Jurassic Park and Cretaceous Park. This new park will be called Juraceous Park, which according to our focus groups really rolls off the tongue. Find all the dinosaurs from either the Jurassic OR Cretaceous periods, and order them by their species name alphabetically.

  SELECT name, species FROM dinos WHERE period='Jurassic' OR period='Cretaceous' ORDER BY species;

              name           |     species      
    -------------------------+------------------
    Afrovenator             | Abakensis
    Spinosaurus             | Aegyptiacus
    Kentrosaurus            | Aethiopicus
    Deltadromeus            | Agilis
    Lophostropheus          | Airelensis
    Apatosaurus             | Ajax
    Dromaeosaurus           | Albertensis
    Styracosaurus           | Albertensis
    Becklespinax            | Altispinax
    Hypacrosaurus           | Altispinus
    Brachiosaurus           | Altithorax
    Struthiomimus           | Altus
    Dryosaurus              | Altus
    Leaellynasaura          | Amicagraphica
    Erlikosaurus            | Andrewsi
    Protoceratops           | Andrewsi
    Deinonychus             | Antirrhopus
    Centrosaurus            | Apertus
    Dryptosaurus            | Aquilunguis
    Jaxartosaurus           | Aralensis
    Lurdusaurus             | Arenatus

5. Saurischians are the "lizard hipped" order of dinosaurs, and one of the two main branches. All carnivorous dinosaurs are Saurischians, but not all Saurischians are carnivorous. Find all the dinosaurs from the t_order Saurischia that are Herbivorous.

  SELECT name, t_order FROM dinos WHERE t_order='Saurischia' AND diet='Herbivorous';

         name         |  t_order
---------------------+------------
 Yuanmousaurus       | Saurischia
 Yimenosaurus        | Saurischia
 Vulcanodon          | Saurischia
 Supersaurus         | Saurischia
 Sonidosaurus        | Saurischia
 Seismosaurus        | Saurischia
 Saltasaurus         | Saurischia
 Rebbachisaurus      | Saurischia
 Quaesitosaurus      | Saurischia
 Shunosaurus         | Saurischia
 Rhoetosaurus        | Saurischia
 Plateosaurus        | Saurischia
 Pelorosaurus        | Saurischia
 Patagosaurus        | Saurischia
 Pantydraco          | Saurischia
 Paralititan         | Saurischia
 Datousaurus         | Saurischia
 Pleurocoelus        | Saurischia
 Opisthocoelicaudia  | Saurischia
 Omeisaurus          | Saurischia
 Nigersaurus         | Saurischia
 Neuquenosaurus      | Saurischia
 Nemegtosaurus       | Saurischia
 Mussaurus           | Saurischia
 Maxakalisaurus      | Saurischia
 Malawisaurus        | Saurischia


6. Dinosaur names are hard to remember. Find the shortest dinosaur, and rename it Shortie.

  SELECT MIN(length) FROM dinos;
    min  
    ------
    0.08
    (1 row)

  SELECT name FROM dinos WHERE length='0.08';
        name     
    -------------
    Liaoxiornis
    (1 row)

  UPDATE dinos SET name='Shortie' WHERE name='Liaoxiornis';


7. It's the first day of Dino School, and we're doing roll call. Find the alphabetically first dinosaur, so we can make sure they're present for class.

  SELECT name FROM dinos ORDER BY name LIMIT 1;
      name   
    ----------
    Aardonyx
    (1 row)